SYMBOL,TIMESTAMP,LATENCY(ns)
TNAB,1750000000000000,32914
IYND,1750000000100000,43847
QAPL,1750000000200000,28169
IYND,1750000000300000,3846
QAPL,1750000000400000,3242
IYND,1750000000500000,1767
QAPL,1750000000600000,1231
QAPL,1750000000700000,931
IYND,1750000000800000,1955
IYND,1750000000900000,1140
IYND,1750000001000000,738
IYND,1750000001100000,6538
TNAB,1750000001200000,2405
QAPL,1750000001300000,1327
QAPL,1750000001400000,2138
QAPL,1750000001500000,1170
QAPL,1750000001600000,891
FLAP,1750000001700000,55884
IYND,1750000001800000,2976
TNAB,1750000001900000,2237
QAPL,1750000002000000,896
QAPL,1750000002100000,675
TNAB,1750000002200000,940
IYND,1750000002300000,810
TNAB,1750000002400000,874
TNAB,1750000002500000,873
TNAB,1750000002600000,1216
FLAP,1750000002700000,1173
FLAP,1750000002800000,858
QAPL,1750000002900000,753
FLAP,1750000003000000,834
FLAP,1750000003100000,777
TNAB,1750000003200000,1026
FLAP,1750000003300000,903
FLAP,1750000003400000,1179
QAPL,1750000003500000,743
FLAP,1750000003600000,898
FLAP,1750000003700000,679
FLAP,1750000003800000,670
TNAB,1750000003900000,954
TNAB,1750000004000000,806
TNAB,1750000004100000,1065
IYND,1750000004200000,1063
QAPL,1750000004300000,1145
IYND,1750000004400000,784
TNAB,1750000004500000,985
QAPL,1750000004600000,2057
FLAP,1750000004700000,1048
QAPL,1750000004800000,1046
TNAB,1750000004900000,926
FLAP,1750000005000000,839
TNAB,1750000005100000,1220
QAPL,1750000005200000,765
QAPL,1750000005300000,748
QAPL,1750000005400000,662
IYND,1750000005500000,709
FLAP,1750000005600000,870
TNAB,1750000005700000,1006
TNAB,1750000005800000,1055
IYND,1750000005900000,1221
IYND,1750000006000000,743
IYND,1750000006100000,1045
IYND,1750000006200000,728
QAPL,1750000006300000,14667
FLAP,1750000006400000,1244
TNAB,1750000006500000,958
FLAP,1750000006600000,1027
IYND,1750000006700000,717
IYND,1750000006800000,760
FLAP,1750000006900000,886
QAPL,1750000007000000,1301
IYND,1750000007100000,1324
QAPL,1750000007200000,1305
IYND,1750000007300000,803
QAPL,1750000007400000,1081
QAPL,1750000007500000,722
TNAB,1750000007600000,1449
QAPL,1750000007700000,800
QAPL,1750000007800000,704
TNAB,1750000007900000,914
TNAB,1750000008000000,877
QAPL,1750000008100000,678
FLAP,1750000008200000,1074
QAPL,1750000008300000,859
TNAB,1750000008400000,1248
IYND,1750000008500000,1366
TNAB,1750000008600000,969
QAPL,1750000008700000,844
TNAB,1750000008800000,852
QAPL,1750000008900000,773
TNAB,1750000009000000,1553
FLAP,1750000009100000,1983
FLAP,1750000009200000,1096
TNAB,1750000009300000,2141
FLAP,1750000009400000,1303
IYND,1750000009500000,2101
QAPL,1750000009600000,1098
IYND,1750000009700000,1396
IYND,1750000009800000,651
TNAB,1750000009900000,1983
QAPL,1750000010000000,1889
FLAP,1750000010100000,2946
IYND,1750000010200000,2281
TNAB,1750000010300000,2679
TNAB,1750000010400000,1729
FLAP,1750000010500000,2548
TNAB,1750000010600000,1326
TNAB,1750000010700000,800
IYND,1750000010800000,1733
QAPL,1750000010900000,1304
QAPL,1750000011000000,5094
TNAB,1750000011100000,1168
TNAB,1750000011200000,947
QAPL,1750000011300000,803
IYND,1750000011400000,807
FLAP,1750000011500000,1529
QAPL,1750000011600000,1321
FLAP,1750000011700000,835
IYND,1750000011800000,796
TNAB,1750000011900000,1122
TNAB,1750000012000000,837
FLAP,1750000012100000,825
TNAB,1750000012200000,1407
QAPL,1750000012300000,1152
QAPL,1750000012400000,714
IYND,1750000012500000,903
FLAP,1750000012600000,1081
FLAP,1750000012700000,780
QAPL,1750000012800000,694
QAPL,1750000012900000,670
QAPL,1750000013000000,694
IYND,1750000013100000,778
IYND,1750000013200000,665
QAPL,1750000013300000,845
IYND,1750000013400000,1262
FLAP,1750000013500000,1366
FLAP,1750000013600000,814
TNAB,1750000013700000,1273
FLAP,1750000013800000,1063
FLAP,1750000013900000,896
TNAB,1750000014000000,889
QAPL,1750000014100000,753
QAPL,1750000014200000,1211
FLAP,1750000014300000,932
QAPL,1750000014400000,770
FLAP,1750000014500000,864
TNAB,1750000014600000,1247
IYND,1750000014700000,750
TNAB,1750000014800000,793
TNAB,1750000014900000,796
FLAP,1750000015000000,878
TNAB,1750000015100000,940
FLAP,1750000015200000,1093
QAPL,1750000015300000,740
TNAB,1750000015400000,1037
IYND,1750000015500000,1026
TNAB,1750000015600000,1037
TNAB,1750000015700000,826
FLAP,1750000015800000,1253
FLAP,1750000015900000,760
QAPL,1750000016000000,1027
IYND,1750000016100000,2054
FLAP,1750000016200000,836
TNAB,1750000016300000,1743
FLAP,1750000016400000,857
QAPL,1750000016500000,809
IYND,1750000016600000,798
FLAP,1750000016700000,808
FLAP,1750000016800000,947
FLAP,1750000016900000,971
FLAP,1750000017000000,1176
IYND,1750000017100000,1004
QAPL,1750000017200000,15469
FLAP,1750000017300000,1594
IYND,1750000017400000,3395
FLAP,1750000017500000,2451
QAPL,1750000017600000,2118
FLAP,1750000017700000,1110
FLAP,1750000017800000,820
FLAP,1750000017900000,827
TNAB,1750000018000000,2703
IYND,1750000018100000,1054
TNAB,1750000018200000,871
FLAP,1750000018300000,1360
FLAP,1750000018400000,1097
TNAB,1750000018500000,914
IYND,1750000018600000,1389
IYND,1750000018700000,716
IYND,1750000018800000,751
TNAB,1750000018900000,1205
FLAP,1750000019000000,794
IYND,1750000019100000,1074
IYND,1750000019200000,757
TNAB,1750000019300000,1279
TNAB,1750000019400000,935
IYND,1750000019500000,1062
IYND,1750000019600000,638
TNAB,1750000019700000,915
IYND,1750000019800000,653
QAPL,1750000019900000,1583
IYND,1750000020000000,677
FLAP,1750000020100000,1150
FLAP,1750000020200000,1323
FLAP,1750000020300000,881
IYND,1750000020400000,1818
TNAB,1750000020500000,1757
FLAP,1750000020600000,798
QAPL,1750000020700000,799
FLAP,1750000020800000,1644
QAPL,1750000020900000,1322
TNAB,1750000021000000,1859
IYND,1750000021100000,1158
TNAB,1750000021200000,878
TNAB,1750000021300000,1143
TNAB,1750000021400000,1263
IYND,1750000021500000,847
IYND,1750000021600000,709
FLAP,1750000021700000,1013
IYND,1750000021800000,747
QAPL,1750000021900000,912
IYND,1750000022000000,737
FLAP,1750000022100000,1165
IYND,1750000022200000,679
FLAP,1750000022300000,741
TNAB,1750000022400000,901
IYND,1750000022500000,808
QAPL,1750000022600000,979
TNAB,1750000022700000,1044
QAPL,1750000022800000,744
IYND,1750000022900000,1000
FLAP,1750000023000000,819
TNAB,1750000023100000,869
FLAP,1750000023200000,788
QAPL,1750000023300000,883
IYND,1750000023400000,773
IYND,1750000023500000,655
IYND,1750000023600000,675
QAPL,1750000023700000,797
QAPL,1750000023800000,679
TNAB,1750000023900000,928
TNAB,1750000024000000,1055
TNAB,1750000024100000,1297
IYND,1750000024200000,1012
IYND,1750000024300000,639
IYND,1750000024400000,819
IYND,1750000024500000,1141
QAPL,1750000024600000,1777
IYND,1750000024700000,907
QAPL,1750000024800000,6798
TNAB,1750000024900000,3182
TNAB,1750000025000000,1606
FLAP,1750000025100000,2407
IYND,1750000025200000,6949
QAPL,1750000025300000,2520
FLAP,1750000025400000,1624
QAPL,1750000025500000,809
FLAP,1750000025600000,926
QAPL,1750000025700000,1071
TNAB,1750000025800000,1595
TNAB,1750000025900000,1121
TNAB,1750000026000000,864
TNAB,1750000026100000,828
TNAB,1750000026200000,886
QAPL,1750000026300000,1070
TNAB,1750000026400000,1080
FLAP,1750000026500000,999
FLAP,1750000026600000,724
TNAB,1750000026700000,875
IYND,1750000026800000,885
TNAB,1750000026900000,965
IYND,1750000027000000,709
FLAP,1750000027100000,824
FLAP,1750000027200000,734
FLAP,1750000027300000,721
IYND,1750000027400000,1196
QAPL,1750000027500000,1304
IYND,1750000027600000,940
FLAP,1750000027700000,889
QAPL,1750000027800000,1443
FLAP,1750000027900000,986
TNAB,1750000028000000,978
FLAP,1750000028100000,864
FLAP,1750000028200000,690
FLAP,1750000028300000,970
IYND,1750000028400000,1186
FLAP,1750000028500000,768
QAPL,1750000028600000,751
FLAP,1750000028700000,827
TNAB,1750000028800000,901
TNAB,1750000028900000,856
TNAB,1750000029000000,957
QAPL,1750000029100000,783
QAPL,1750000029200000,812
FLAP,1750000029300000,1467
TNAB,1750000029400000,1046
FLAP,1750000029500000,1267
FLAP,1750000029600000,838
QAPL,1750000029700000,854
QAPL,1750000029800000,753
QAPL,1750000029900000,742
IYND,1750000030000000,1325
FLAP,1750000030100000,865
IYND,1750000030200000,667
TNAB,1750000030300000,1096
QAPL,1750000030400000,744
TNAB,1750000030500000,907
IYND,1750000030600000,720
IYND,1750000030700000,719
IYND,1750000030800000,912
IYND,1750000030900000,998
IYND,1750000031000000,998
FLAP,1750000031100000,1139
QAPL,1750000031200000,1184
TNAB,1750000031300000,980
TNAB,1750000031400000,837
TNAB,1750000031500000,912
TNAB,1750000031600000,955
FLAP,1750000031700000,1057
IYND,1750000031800000,1008
TNAB,1750000031900000,922
FLAP,1750000032000000,812
FLAP,1750000032100000,767
TNAB,1750000032200000,868
FLAP,1750000032300000,903
QAPL,1750000032400000,1009
FLAP,1750000032500000,772
FLAP,1750000032600000,666
QAPL,1750000032700000,711
QAPL,1750000032800000,1254
QAPL,1750000032900000,755
IYND,1750000033000000,1208
QAPL,1750000033100000,866
TNAB,1750000033200000,915
QAPL,1750000033300000,874
IYND,1750000033400000,777
FLAP,1750000033500000,999
IYND,1750000033600000,689
FLAP,1750000033700000,1095
QAPL,1750000033800000,1023
TNAB,1750000033900000,1413
IYND,1750000034000000,1382
IYND,1750000034100000,896
TNAB,1750000034200000,910
TNAB,1750000034300000,859
IYND,1750000034400000,746
TNAB,1750000034500000,1457
QAPL,1750000034600000,1064
QAPL,1750000034700000,684
FLAP,1750000034800000,949
FLAP,1750000034900000,1083
IYND,1750000035000000,739
TNAB,1750000035100000,1033
FLAP,1750000035200000,979
FLAP,1750000035300000,793
FLAP,1750000035400000,784
QAPL,1750000035500000,776
IYND,1750000035600000,680
FLAP,1750000035700000,921
IYND,1750000035800000,916
TNAB,1750000035900000,1193
QAPL,1750000036000000,1027
TNAB,1750000036100000,878
FLAP,1750000036200000,1327
TNAB,1750000036300000,894
FLAP,1750000036400000,826
TNAB,1750000036500000,918
FLAP,1750000036600000,906
FLAP,1750000036700000,958
TNAB,1750000036800000,1024
FLAP,1750000036900000,774
QAPL,1750000037000000,721
TNAB,1750000037100000,975
TNAB,1750000037200000,919
IYND,1750000037300000,938
FLAP,1750000037400000,956
QAPL,1750000037500000,747
FLAP,1750000037600000,835
IYND,1750000037700000,699
TNAB,1750000037800000,901
IYND,1750000037900000,836
QAPL,1750000038000000,1508
QAPL,1750000038100000,741
QAPL,1750000038200000,731
TNAB,1750000038300000,1218
TNAB,1750000038400000,852
TNAB,1750000038500000,830
IYND,1750000038600000,1057
FLAP,1750000038700000,1497
QAPL,1750000038800000,958
TNAB,1750000038900000,907
IYND,1750000039000000,691
IYND,1750000039100000,746
TNAB,1750000039200000,1412
FLAP,1750000039300000,1232
QAPL,1750000039400000,1013
IYND,1750000039500000,822
FLAP,1750000039600000,1358
IYND,1750000039700000,802
IYND,1750000039800000,617
QAPL,1750000039900000,731
QAPL,1750000040000000,642
TNAB,1750000040100000,1417
IYND,1750000040200000,773
FLAP,1750000040300000,960
TNAB,1750000040400000,882
FLAP,1750000040500000,857
QAPL,1750000040600000,758
QAPL,1750000040700000,708
TNAB,1750000040800000,1047
QAPL,1750000040900000,913
TNAB,1750000041000000,940
QAPL,1750000041100000,822
FLAP,1750000041200000,1512
TNAB,1750000041300000,899
QAPL,1750000041400000,1092
QAPL,1750000041500000,689
IYND,1750000041600000,814
IYND,1750000041700000,599
IYND,1750000041800000,643
QAPL,1750000041900000,727
QAPL,1750000042000000,686
TNAB,1750000042100000,870
IYND,1750000042200000,671
TNAB,1750000042300000,925
QAPL,1750000042400000,700
FLAP,1750000042500000,1120
TNAB,1750000042600000,968
QAPL,1750000042700000,769
TNAB,1750000042800000,1162
IYND,1750000042900000,687
FLAP,1750000043000000,864
FLAP,1750000043100000,808
IYND,1750000043200000,802
TNAB,1750000043300000,992
QAPL,1750000043400000,2783
FLAP,1750000043500000,927
TNAB,1750000043600000,873
QAPL,1750000043700000,792
QAPL,1750000043800000,767
TNAB,1750000043900000,1201
IYND,1750000044000000,1040
TNAB,1750000044100000,1205
IYND,1750000044200000,909
IYND,1750000044300000,685
FLAP,1750000044400000,1638
IYND,1750000044500000,687
IYND,1750000044600000,657
IYND,1750000044700000,605
QAPL,1750000044800000,1443
QAPL,1750000044900000,736
IYND,1750000045000000,685
IYND,1750000045100000,992
QAPL,1750000045200000,733
IYND,1750000045300000,782
QAPL,1750000045400000,691
IYND,1750000045500000,695
IYND,1750000045600000,1587
IYND,1750000045700000,2015
IYND,1750000045800000,1750
FLAP,1750000045900000,2733
FLAP,1750000046000000,690
TNAB,1750000046100000,4221
FLAP,1750000046200000,1135
FLAP,1750000046300000,698
TNAB,1750000046400000,1241
FLAP,1750000046500000,846
TNAB,1750000046600000,1245
TNAB,1750000046700000,880
FLAP,1750000046800000,1083
TNAB,1750000046900000,1039
QAPL,1750000047000000,2519
TNAB,1750000047100000,846
IYND,1750000047200000,738
IYND,1750000047300000,768
FLAP,1750000047400000,1208
FLAP,1750000047500000,694
IYND,1750000047600000,989
FLAP,1750000047700000,886
QAPL,1750000047800000,1231
TNAB,1750000047900000,991
TNAB,1750000048000000,914
IYND,1750000048100000,722
FLAP,1750000048200000,870
TNAB,1750000048300000,1037
QAPL,1750000048400000,741
IYND,1750000048500000,840
QAPL,1750000048600000,754
TNAB,1750000048700000,917
QAPL,1750000048800000,998
QAPL,1750000048900000,722
TNAB,1750000049000000,1048
TNAB,1750000049100000,1169
TNAB,1750000049200000,876
FLAP,1750000049300000,1393
IYND,1750000049400000,884
IYND,1750000049500000,626
FLAP,1750000049600000,830
QAPL,1750000049700000,697
TNAB,1750000049800000,868
FLAP,1750000049900000,1143
TNAB,1750000050000000,967
IYND,1750000050100000,723
QAPL,1750000050200000,1078
TNAB,1750000050300000,1154
IYND,1750000050400000,737
IYND,1750000050500000,696
IYND,1750000050600000,663
FLAP,1750000050700000,930
QAPL,1750000050800000,15068
QAPL,1750000050900000,1389
TNAB,1750000051000000,3267
TNAB,1750000051100000,2589
FLAP,1750000051200000,2082
TNAB,1750000051300000,1378
TNAB,1750000051400000,1108
IYND,1750000051500000,1625
FLAP,1750000051600000,1290
TNAB,1750000051700000,954
TNAB,1750000051800000,1085
FLAP,1750000051900000,819
QAPL,1750000052000000,1881
FLAP,1750000052100000,861
TNAB,1750000052200000,1168
TNAB,1750000052300000,845
FLAP,1750000052400000,818
TNAB,1750000052500000,817
TNAB,1750000052600000,1091
IYND,1750000052700000,795
QAPL,1750000052800000,1689
FLAP,1750000052900000,1153
TNAB,1750000053000000,867
QAPL,1750000053100000,766
TNAB,1750000053200000,909
TNAB,1750000053300000,1211
IYND,1750000053400000,858
QAPL,1750000053500000,983
FLAP,1750000053600000,1043
QAPL,1750000053700000,1094
TNAB,1750000053800000,1420
IYND,1750000053900000,1210
TNAB,1750000054000000,942
QAPL,1750000054100000,1257
IYND,1750000054200000,952
QAPL,1750000054300000,767
TNAB,1750000054400000,901
TNAB,1750000054500000,929
FLAP,1750000054600000,1557
QAPL,1750000054700000,9016
FLAP,1750000054800000,828
FLAP,1750000054900000,674
TNAB,1750000055000000,915
QAPL,1750000055100000,695
FLAP,1750000055200000,1105
TNAB,1750000055300000,1139
IYND,1750000055400000,920
TNAB,1750000055500000,979
FLAP,1750000055600000,896
FLAP,1750000055700000,1471
FLAP,1750000055800000,1603
FLAP,1750000055900000,906
QAPL,1750000056000000,1687
FLAP,1750000056100000,938
TNAB,1750000056200000,2125
FLAP,1750000056300000,767
TNAB,1750000056400000,1027
TNAB,1750000056500000,1366
QAPL,1750000056600000,1023
IYND,1750000056700000,1323
IYND,1750000056800000,771
IYND,1750000056900000,737
FLAP,1750000057000000,941
QAPL,1750000057100000,1114
IYND,1750000057200000,876
FLAP,1750000057300000,857
IYND,1750000057400000,721
IYND,1750000057500000,919
IYND,1750000057600000,1227
FLAP,1750000057700000,1608
TNAB,1750000057800000,1426
IYND,1750000057900000,666
QAPL,1750000058000000,955
QAPL,1750000058100000,748
QAPL,1750000058200000,767
TNAB,1750000058300000,938
QAPL,1750000058400000,736
FLAP,1750000058500000,930
IYND,1750000058600000,714
FLAP,1750000058700000,852
QAPL,1750000058800000,702
FLAP,1750000058900000,1047
TNAB,1750000059000000,1514
TNAB,1750000059100000,1189
TNAB,1750000059200000,996
FLAP,1750000059300000,838
FLAP,1750000059400000,793
IYND,1750000059500000,1320
TNAB,1750000059600000,854
QAPL,1750000059700000,1205
QAPL,1750000059800000,1098
IYND,1750000059900000,675
FLAP,1750000060000000,764
QAPL,1750000060100000,1122
IYND,1750000060200000,696
TNAB,1750000060300000,1179
QAPL,1750000060400000,694
QAPL,1750000060500000,612
QAPL,1750000060600000,654
FLAP,1750000060700000,1368
IYND,1750000060800000,1269
FLAP,1750000060900000,917
TNAB,1750000061000000,1242
IYND,1750000061100000,887
FLAP,1750000061200000,871
IYND,1750000061300000,701
TNAB,1750000061400000,915
IYND,1750000061500000,682
QAPL,1750000061600000,1175
IYND,1750000061700000,680
FLAP,1750000061800000,1176
IYND,1750000061900000,732
FLAP,1750000062000000,812
QAPL,1750000062100000,746
TNAB,1750000062200000,896
IYND,1750000062300000,718
TNAB,1750000062400000,950
QAPL,1750000062500000,1114
FLAP,1750000062600000,880
IYND,1750000062700000,708
IYND,1750000062800000,657
FLAP,1750000062900000,791
QAPL,1750000063000000,847
QAPL,1750000063100000,774
IYND,1750000063200000,704
TNAB,1750000063300000,1251
QAPL,1750000063400000,719
FLAP,1750000063500000,1215
IYND,1750000063600000,896
IYND,1750000063700000,806
FLAP,1750000063800000,1127
IYND,1750000063900000,636
IYND,1750000064000000,654
IYND,1750000064100000,672
TNAB,1750000064200000,1219
TNAB,1750000064300000,799
FLAP,1750000064400000,802
QAPL,1750000064500000,730
QAPL,1750000064600000,809
TNAB,1750000064700000,910
TNAB,1750000064800000,841
IYND,1750000064900000,746
TNAB,1750000065000000,878
QAPL,1750000065100000,1018
FLAP,1750000065200000,870
TNAB,1750000065300000,1140
FLAP,1750000065400000,750
FLAP,1750000065500000,791
TNAB,1750000065600000,931
TNAB,1750000065700000,807
FLAP,1750000065800000,812
IYND,1750000065900000,655
FLAP,1750000066000000,870
QAPL,1750000066100000,820
IYND,1750000066200000,664
FLAP,1750000066300000,1328
TNAB,1750000066400000,1471
FLAP,1750000066500000,1078
FLAP,1750000066600000,731
FLAP,1750000066700000,734
TNAB,1750000066800000,898
QAPL,1750000066900000,1003
TNAB,1750000067000000,955
IYND,1750000067100000,671
TNAB,1750000067200000,911
IYND,1750000067300000,688
QAPL,1750000067400000,725
IYND,1750000067500000,633
FLAP,1750000067600000,978
IYND,1750000067700000,746
FLAP,1750000067800000,810
TNAB,1750000067900000,979
IYND,1750000068000000,751
TNAB,1750000068100000,961
IYND,1750000068200000,668
QAPL,1750000068300000,778
QAPL,1750000068400000,735
IYND,1750000068500000,660
IYND,1750000068600000,732
IYND,1750000068700000,696
IYND,1750000068800000,763
QAPL,1750000068900000,1477
QAPL,1750000069000000,883
QAPL,1750000069100000,848
FLAP,1750000069200000,2049
TNAB,1750000069300000,1607
IYND,1750000069400000,1058
TNAB,1750000069500000,900
QAPL,1750000069600000,1006
QAPL,1750000069700000,731
IYND,1750000069800000,701
QAPL,1750000069900000,732
QAPL,1750000070000000,949
QAPL,1750000070100000,658
QAPL,1750000070200000,644
TNAB,1750000070300000,887
TNAB,1750000070400000,843
QAPL,1750000070500000,783
QAPL,1750000070600000,775
TNAB,1750000070700000,956
FLAP,1750000070800000,1327
FLAP,1750000070900000,779
TNAB,1750000071000000,1119
IYND,1750000071100000,692
TNAB,1750000071200000,911
QAPL,1750000071300000,887
QAPL,1750000071400000,712
QAPL,1750000071500000,715
IYND,1750000071600000,680
IYND,1750000071700000,641
IYND,1750000071800000,706
IYND,1750000071900000,633
FLAP,1750000072000000,950
IYND,1750000072100000,705
QAPL,1750000072200000,1661
QAPL,1750000072300000,833
QAPL,1750000072400000,956
FLAP,1750000072500000,1202
QAPL,1750000072600000,931
QAPL,1750000072700000,845
IYND,1750000072800000,903
IYND,1750000072900000,667
IYND,1750000073000000,710
IYND,1750000073100000,810
TNAB,1750000073200000,1003
FLAP,1750000073300000,935
FLAP,1750000073400000,761
QAPL,1750000073500000,1321
FLAP,1750000073600000,1081
IYND,1750000073700000,954
QAPL,1750000073800000,804
TNAB,1750000073900000,980
FLAP,1750000074000000,852
QAPL,1750000074100000,794
QAPL,1750000074200000,760
TNAB,1750000074300000,899
TNAB,1750000074400000,1192
QAPL,1750000074500000,2816
TNAB,1750000074600000,1310
IYND,1750000074700000,902
QAPL,1750000074800000,1287
IYND,1750000074900000,1129
IYND,1750000075000000,932
IYND,1750000075100000,653
QAPL,1750000075200000,903
IYND,1750000075300000,1019
FLAP,1750000075400000,1280
QAPL,1750000075500000,804
TNAB,1750000075600000,1308
FLAP,1750000075700000,859
IYND,1750000075800000,715
FLAP,1750000075900000,719
QAPL,1750000076000000,868
QAPL,1750000076100000,685
FLAP,1750000076200000,884
QAPL,1750000076300000,1355
IYND,1750000076400000,771
FLAP,1750000076500000,731
IYND,1750000076600000,724
FLAP,1750000076700000,778
QAPL,1750000076800000,1021
QAPL,1750000076900000,845
TNAB,1750000077000000,1423
QAPL,1750000077100000,1086
TNAB,1750000077200000,884
FLAP,1750000077300000,752
QAPL,1750000077400000,823
IYND,1750000077500000,752
TNAB,1750000077600000,880
TNAB,1750000077700000,819
TNAB,1750000077800000,846
TNAB,1750000077900000,824
QAPL,1750000078000000,863
QAPL,1750000078100000,718
IYND,1750000078200000,757
IYND,1750000078300000,673
FLAP,1750000078400000,999
QAPL,1750000078500000,766
IYND,1750000078600000,684
TNAB,1750000078700000,1678
IYND,1750000078800000,1028
IYND,1750000078900000,639
QAPL,1750000079000000,1616
QAPL,1750000079100000,1064
TNAB,1750000079200000,1638
FLAP,1750000079300000,733
FLAP,1750000079400000,697
QAPL,1750000079500000,819
FLAP,1750000079600000,705
FLAP,1750000079700000,639
FLAP,1750000079800000,764
TNAB,1750000079900000,926
QAPL,1750000080000000,777
FLAP,1750000080100000,859
IYND,1750000080200000,1087
QAPL,1750000080300000,798
QAPL,1750000080400000,799
FLAP,1750000080500000,683
TNAB,1750000080600000,915
TNAB,1750000080700000,921
IYND,1750000080800000,1194
FLAP,1750000080900000,762
TNAB,1750000081000000,1114
FLAP,1750000081100000,763
TNAB,1750000081200000,1085
IYND,1750000081300000,860
QAPL,1750000081400000,1234
IYND,1750000081500000,713
TNAB,1750000081600000,1731
IYND,1750000081700000,696
IYND,1750000081800000,656
FLAP,1750000081900000,738
QAPL,1750000082000000,1132
IYND,1750000082100000,754
QAPL,1750000082200000,952
IYND,1750000082300000,1012
FLAP,1750000082400000,702
TNAB,1750000082500000,1026
FLAP,1750000082600000,1061
TNAB,1750000082700000,869
IYND,1750000082800000,754
FLAP,1750000082900000,782
TNAB,1750000083000000,914
FLAP,1750000083100000,775
TNAB,1750000083200000,1163
IYND,1750000083300000,1174
TNAB,1750000083400000,1004
TNAB,1750000083500000,841
TNAB,1750000083600000,1228
QAPL,1750000083700000,1200
QAPL,1750000083800000,744
QAPL,1750000083900000,711
FLAP,1750000084000000,1082
QAPL,1750000084100000,763
FLAP,1750000084200000,695
QAPL,1750000084300000,875
QAPL,1750000084400000,878
QAPL,1750000084500000,771
TNAB,1750000084600000,969
TNAB,1750000084700000,882
IYND,1750000084800000,654
FLAP,1750000084900000,682
IYND,1750000085000000,691
FLAP,1750000085100000,743
IYND,1750000085200000,620
FLAP,1750000085300000,893
TNAB,1750000085400000,870
IYND,1750000085500000,676
TNAB,1750000085600000,906
QAPL,1750000085700000,960
QAPL,1750000085800000,955
IYND,1750000085900000,693
IYND,1750000086000000,715
FLAP,1750000086100000,1356
FLAP,1750000086200000,711
QAPL,1750000086300000,1103
IYND,1750000086400000,721
FLAP,1750000086500000,706
IYND,1750000086600000,661
FLAP,1750000086700000,644
TNAB,1750000086800000,1010
IYND,1750000086900000,757
TNAB,1750000087000000,821
FLAP,1750000087100000,887
TNAB,1750000087200000,1817
IYND,1750000087300000,718
QAPL,1750000087400000,950
IYND,1750000087500000,641
QAPL,1750000087600000,1065
IYND,1750000087700000,697
IYND,1750000087800000,1018
FLAP,1750000087900000,737
FLAP,1750000088000000,750
QAPL,1750000088100000,1233
IYND,1750000088200000,983
TNAB,1750000088300000,1389
IYND,1750000088400000,706
TNAB,1750000088500000,868
TNAB,1750000088600000,975
TNAB,1750000088700000,923
TNAB,1750000088800000,981
IYND,1750000088900000,739
TNAB,1750000089000000,786
TNAB,1750000089100000,1110
TNAB,1750000089200000,742
TNAB,1750000089300000,719
QAPL,1750000089400000,2006
IYND,1750000089500000,679
TNAB,1750000089600000,1027
QAPL,1750000089700000,925
FLAP,1750000089800000,884
QAPL,1750000089900000,928
QAPL,1750000090000000,880
QAPL,1750000090100000,787
TNAB,1750000090200000,739
FLAP,1750000090300000,715
TNAB,1750000090400000,752
FLAP,1750000090500000,750
QAPL,1750000090600000,996
TNAB,1750000090700000,774
TNAB,1750000090800000,1069
TNAB,1750000090900000,780
QAPL,1750000091000000,1234
TNAB,1750000091100000,741
QAPL,1750000091200000,977
FLAP,1750000091300000,704
QAPL,1750000091400000,876
QAPL,1750000091500000,902
QAPL,1750000091600000,926
QAPL,1750000091700000,869
TNAB,1750000091800000,760
TNAB,1750000091900000,685
QAPL,1750000092000000,890
IYND,1750000092100000,685
FLAP,1750000092200000,678
FLAP,1750000092300000,829
QAPL,1750000092400000,1243
FLAP,1750000092500000,1116
QAPL,1750000092600000,1056
TNAB,1750000092700000,883
IYND,1750000092800000,684
IYND,1750000092900000,1029
TNAB,1750000093000000,997
FLAP,1750000093100000,866
QAPL,1750000093200000,1388
TNAB,1750000093300000,966
QAPL,1750000093400000,1071
FLAP,1750000093500000,1001
IYND,1750000093600000,1227
FLAP,1750000093700000,737
IYND,1750000093800000,708
IYND,1750000093900000,867
FLAP,1750000094000000,757
TNAB,1750000094100000,895
IYND,1750000094200000,679
FLAP,1750000094300000,914
TNAB,1750000094400000,823
FLAP,1750000094500000,722
FLAP,1750000094600000,747
IYND,1750000094700000,713
QAPL,1750000094800000,1172
FLAP,1750000094900000,807
QAPL,1750000095000000,1520
TNAB,1750000095100000,3338
TNAB,1750000095200000,3450
IYND,1750000095300000,2691
FLAP,1750000095400000,1781
IYND,1750000095500000,1694
IYND,1750000095600000,821
FLAP,1750000095700000,861
FLAP,1750000095800000,1003
FLAP,1750000095900000,660
TNAB,1750000096000000,1955
TNAB,1750000096100000,689
QAPL,1750000096200000,2498
TNAB,1750000096300000,1449
IYND,1750000096400000,1413
IYND,1750000096500000,655
IYND,1750000096600000,698
TNAB,1750000096700000,1066
QAPL,1750000096800000,1283
FLAP,1750000096900000,741
QAPL,1750000097000000,1235
FLAP,1750000097100000,742
TNAB,1750000097200000,760
TNAB,1750000097300000,687
FLAP,1750000097400000,1026
TNAB,1750000097500000,746
QAPL,1750000097600000,1038
FLAP,1750000097700000,743
TNAB,1750000097800000,793
TNAB,1750000097900000,688
TNAB,1750000098000000,1088
QAPL,1750000098100000,1056
FLAP,1750000098200000,751
QAPL,1750000098300000,986
TNAB,1750000098400000,3401
FLAP,1750000098500000,1186
IYND,1750000098600000,874
IYND,1750000098700000,666
FLAP,1750000098800000,947
FLAP,1750000098900000,1523
QAPL,1750000099000000,1434
FLAP,1750000099100000,1039
TNAB,1750000099200000,990
IYND,1750000099300000,1057
TNAB,1750000099400000,793
QAPL,1750000099500000,1382
QAPL,1750000099600000,1962
IYND,1750000099700000,1730
QAPL,1750000099800000,1021
QAPL,1750000099900000,799
